{
  "Polylines": [],
  "Lines": [
    {
      "StartPoint": {
        "X": 4.5158186161097547,
        "Y": -2.6119734471649281,
        "Z": 0.0
      },
      "EndPoint": {
        "X": 0.0,
        "Y": 0.0,
        "Z": 0.0
      },
      "Layer": "E-SYM1"
    },
    {
      "StartPoint": {
        "X": 4.5158186161097547,
        "Y": 2.6062517205500626,
        "Z": 0.0
      },
      "EndPoint": {
        "X": 0.0,
        "Y": 0.0,
        "Z": 0.0
      },
      "Layer": "E-SYM1"
    },
    {
      "StartPoint": {
        "X": 4.5158186161097547,
        "Y": -2.6119734471649281,
        "Z": 0.0
      },
      "EndPoint": {
        "X": 4.5158186161097547,
        "Y": 2.6062517205500626,
        "Z": 0.0
      },
      "Layer": "E-SYM1"
    }
  ],
  "Arcs": [],
  "Circles": [],
  "Ellipses": [],
  "MTexts": [],
  "Texts": [],
  "Solids": [],
  "Hatches": [],
  "Splines": [],
  "AttributeDefinitions": [],
  "NumberOfRows": 0,
  "Scale": 0.25
}