{
  "Polylines": [],
  "Lines": [
    {
      "StartPoint": {
        "X": -2.6963374031620333,
        "Y": 7.5139937922367608,
        "Z": 0.0
      },
      "EndPoint": {
        "X": 3.7569968961179256,
        "Y": 1.0606594929568018,
        "Z": 0.0
      },
      "Layer": "E-SYM1"
    },
    {
      "StartPoint": {
        "X": -3.7569968961179256,
        "Y": 6.4533342992792768,
        "Z": 0.0
      },
      "EndPoint": {
        "X": 2.6963374031620333,
        "Y": -4.5474735088646412E-13,
        "Z": 0.0
      },
      "Layer": "E-SYM1"
    }
  ],
  "Arcs": [],
  "Circles": [
    {
      "Center": {
        "X": 0.0,
        "Y": 3.756996896118153,
        "Z": 0.0
      },
      "Radius": 2.75,
      "Layer": "E-SYM1"
    }
  ],
  "Ellipses": [],
  "MTexts": [],
  "Texts": [],
  "Solids": [],
  "Hatches": [],
  "Splines": [],
  "AttributeDefinitions": [],
  "NumberOfRows": 0,
  "Scale": 0.25
}