{
  "Polylines": [],
  "Lines": [
    {
      "StartPoint": {
        "X": -6.4533342992799589,
        "Y": 3.756996896118153,
        "Z": 0.0
      },
      "EndPoint": {
        "X": 0.0,
        "Y": -2.6963374031618059,
        "Z": 0.0
      },
      "Layer": "E-SYM1"
    },
    {
      "StartPoint": {
        "X": -7.5139937922358513,
        "Y": 2.6963374031606691,
        "Z": 0.0
      },
      "EndPoint": {
        "X": -1.0606594929558923,
        "Y": -3.7569968961190625,
        "Z": 0.0
      },
      "Layer": "E-SYM1"
    }
  ],
  "Arcs": [],
  "Circles": [
    {
      "Center": {
        "X": -3.7569968961179256,
        "Y": -4.5474735088646412E-13,
        "Z": 0.0
      },
      "Radius": 2.75,
      "Layer": "E-SYM1"
    }
  ],
  "Ellipses": [],
  "MTexts": [],
  "Texts": [],
  "Solids": [],
  "Hatches": [],
  "Splines": [],
  "AttributeDefinitions": [],
  "NumberOfRows": 0,
  "Scale": 0.25
}