{
  "Polylines": [],
  "Lines": [
    {
      "StartPoint": {
        "X": -9.1263928885673522,
        "Y": 0.749999520000074,
        "Z": 0.0
      },
      "EndPoint": {
        "X": 0.0,
        "Y": 0.749999520000074,
        "Z": 0.0
      },
      "Layer": "E-SYM1"
    },
    {
      "StartPoint": {
        "X": -9.1263928885673522,
        "Y": -0.749999520000074,
        "Z": 0.0
      },
      "EndPoint": {
        "X": 0.0,
        "Y": -0.749999520000074,
        "Z": 0.0
      },
      "Layer": "E-SYM1"
    }
  ],
  "Arcs": [],
  "Circles": [
    {
      "Center": {
        "X": -4.5631964442836761,
        "Y": 0.0,
        "Z": 0.0
      },
      "Radius": 2.7500000000000004,
      "Layer": "E-SYM1"
    }
  ],
  "Ellipses": [],
  "MTexts": [],
  "Texts": [],
  "Solids": [],
  "Hatches": [],
  "Splines": [],
  "AttributeDefinitions": [],
  "NumberOfRows": 0,
  "Scale": 0.25
}