{
  "Polylines": [],
  "Lines": [
    {
      "StartPoint": {
        "X": 0.74999951999961922,
        "Y": 9.1263928885691712,
        "Z": 0.0
      },
      "EndPoint": {
        "X": 0.74999951999961922,
        "Y": 0.0,
        "Z": 0.0
      },
      "Layer": "E-SYMBOL"
    },
    {
      "StartPoint": {
        "X": -0.74999951999961922,
        "Y": 9.1263928885691712,
        "Z": 0.0
      },
      "EndPoint": {
        "X": -0.74999951999961922,
        "Y": 0.0,
        "Z": 0.0
      },
      "Layer": "E-SYMBOL"
    }
  ],
  "Arcs": [],
  "Circles": [
    {
      "Center": {
        "X": 0.0,
        "Y": 4.5631964442845856,
        "Z": 0.0
      },
      "Radius": 2.75,
      "Layer": "E-SYMBOL"
    }
  ],
  "Ellipses": [],
  "MTexts": [],
  "Texts": [],
  "Solids": [],
  "Hatches": [
    {
      "Layer": "E-SYM1",
      "PatternName": "SOLID",
      "PatternScale": 1.0,
      "PatternType": 1,
      "Angle": 0.0,
      "Polylines": [],
      "Lines": [
        {
          "StartPoint": {
            "X": -0.75028948846920684,
            "Y": 7.2029508161949707,
            "Z": 0.0
          },
          "EndPoint": {
            "X": -0.75028948846920684,
            "Y": 1.9114479219324494,
            "Z": 0.0
          },
          "Layer": "E-SYM1"
        },
        {
          "StartPoint": {
            "X": 0.74970955153185059,
            "Y": 1.9114479219324494,
            "Z": 0.0
          },
          "EndPoint": {
            "X": 0.74970955153185059,
            "Y": 7.2029508161949707,
            "Z": 0.0
          },
          "Layer": "E-SYM1"
        }
      ],
      "Arcs": [
        {
          "Center": {
            "X": -0.00028996846958762035,
            "Y": 4.557199369061891,
            "Z": 0.0
          },
          "Radius": 2.7499999999999987,
          "StartAngle": 1.2945698774542567,
          "EndAngle": 1.8470227761355569,
          "Layer": "E-SYM1"
        },
        {
          "Center": {
            "X": -0.00028996846958762035,
            "Y": 4.557199369061891,
            "Z": 0.0
          },
          "Radius": 2.7499999999999853,
          "StartAngle": 4.436162531044026,
          "EndAngle": 4.9886154297253533,
          "Layer": "E-SYM1"
        }
      ],
      "Circles": [],
      "Ellipses": [],
      "Splines": []
    }
  ],
  "Splines": [],
  "AttributeDefinitions": [],
  "NumberOfRows": 0,
  "Scale": 0.25
}