{
  "Polylines": [],
  "Lines": [
    {
      "StartPoint": {
        "X": -9.1263928885691712,
        "Y": 0.74999951999961922,
        "Z": 0.0
      },
      "EndPoint": {
        "X": 0.0,
        "Y": 0.74999951999961922,
        "Z": 0.0
      },
      "Layer": "E-SYMBOL"
    },
    {
      "StartPoint": {
        "X": -9.1263928885691712,
        "Y": -0.74999951999961922,
        "Z": 0.0
      },
      "EndPoint": {
        "X": 0.0,
        "Y": -0.74999951999961922,
        "Z": 0.0
      },
      "Layer": "E-SYMBOL"
    }
  ],
  "Arcs": [],
  "Circles": [
    {
      "Center": {
        "X": -4.5631964442836761,
        "Y": 0.0,
        "Z": 0.0
      },
      "Radius": 2.75,
      "Layer": "E-SYMBOL"
    }
  ],
  "Ellipses": [],
  "MTexts": [],
  "Texts": [],
  "Solids": [],
  "Hatches": [
    {
      "Layer": "E-SYM1",
      "PatternName": "SOLID",
      "PatternScale": 1.0,
      "PatternType": 1,
      "Angle": 0.0,
      "Polylines": [],
      "Lines": [
        {
          "StartPoint": {
            "X": -7.2029508161940612,
            "Y": -0.75028948846920684,
            "Z": 0.0
          },
          "EndPoint": {
            "X": -1.91144792193154,
            "Y": -0.75028948846920684,
            "Z": 0.0
          },
          "Layer": "E-SYM1"
        },
        {
          "StartPoint": {
            "X": -1.91144792193154,
            "Y": 0.74970955153185059,
            "Z": 0.0
          },
          "EndPoint": {
            "X": -7.2029508161940612,
            "Y": 0.74970955153185059,
            "Z": 0.0
          },
          "Layer": "E-SYM1"
        }
      ],
      "Arcs": [
        {
          "Center": {
            "X": -4.5571993690609816,
            "Y": -0.00028996846958762035,
            "Z": 0.0
          },
          "Radius": 2.7499999999999987,
          "StartAngle": 2.8653662042491534,
          "EndAngle": 3.4178191029304532,
          "Layer": "E-SYM1"
        },
        {
          "Center": {
            "X": -4.5571993690609816,
            "Y": -0.00028996846958762035,
            "Z": 0.0
          },
          "Radius": 2.7499999999999853,
          "StartAngle": 6.0069588578389226,
          "EndAngle": 6.55941175652025,
          "Layer": "E-SYM1"
        }
      ],
      "Circles": [],
      "Ellipses": [],
      "Splines": []
    }
  ],
  "Splines": [],
  "AttributeDefinitions": [],
  "NumberOfRows": 0,
  "Scale": 0.25
}