{
  "Polylines": [],
  "Lines": [
    {
      "StartPoint": {
        "X": 9.1263928885691712,
        "Y": 0.0,
        "Z": 0.0
      },
      "EndPoint": {
        "X": 0.0,
        "Y": 0.0,
        "Z": 0.0
      },
      "Layer": "E-SYM1"
    },
    {
      "StartPoint": {
        "X": 9.1263928885691712,
        "Y": -0.73852257086036843,
        "Z": 0.0
      },
      "EndPoint": {
        "X": 0.0,
        "Y": -0.73852257086036843,
        "Z": 0.0
      },
      "Layer": "E-SYM1"
    },
    {
      "StartPoint": {
        "X": 9.1263928885691712,
        "Y": 0.76147646913887,
        "Z": 0.0
      },
      "EndPoint": {
        "X": 0.0,
        "Y": 0.76147646913887,
        "Z": 0.0
      },
      "Layer": "E-SYM1"
    }
  ],
  "Arcs": [],
  "Circles": [
    {
      "Center": {
        "X": 4.5631964442836761,
        "Y": 0.011476949139250792,
        "Z": 0.0
      },
      "Radius": 2.75,
      "Layer": "E-SYM1"
    }
  ],
  "Ellipses": [],
  "MTexts": [],
  "Texts": [],
  "Solids": [],
  "Hatches": [],
  "Splines": [],
  "AttributeDefinitions": [],
  "NumberOfRows": 0,
  "Scale": 0.25
}