{
  "Polylines": [],
  "Lines": [
    {
      "StartPoint": {
        "X": 4.5631964442854951,
        "Y": 3.8131969242840569,
        "Z": 0.0
      },
      "EndPoint": {
        "X": -4.5631964442818571,
        "Y": 3.8131969242840569,
        "Z": 0.0
      },
      "Layer": "E-SYMBOL"
    },
    {
      "StartPoint": {
        "X": 4.5631964442854951,
        "Y": 5.3131959642842048,
        "Z": 0.0
      },
      "EndPoint": {
        "X": -4.5631964442818571,
        "Y": 5.3131959642842048,
        "Z": 0.0
      },
      "Layer": "E-SYMBOL"
    },
    {
      "StartPoint": {
        "X": -0.74999951999780023,
        "Y": 9.1263928885687164,
        "Z": 0.0
      },
      "EndPoint": {
        "X": -0.74999951999780023,
        "Y": -4.5474735088646412E-13,
        "Z": 0.0
      },
      "Layer": "E-SYMBOL"
    },
    {
      "StartPoint": {
        "X": 0.74999952000143821,
        "Y": 9.1263928885687164,
        "Z": 0.0
      },
      "EndPoint": {
        "X": 0.74999952000143821,
        "Y": -4.5474735088646412E-13,
        "Z": 0.0
      },
      "Layer": "E-SYMBOL"
    }
  ],
  "Arcs": [],
  "Circles": [
    {
      "Center": {
        "X": 1.8189894035458565E-12,
        "Y": 4.5631964442841308,
        "Z": 0.0
      },
      "Radius": 2.75,
      "Layer": "E-SYMBOL"
    }
  ],
  "Ellipses": [],
  "MTexts": [],
  "Texts": [],
  "Solids": [],
  "Hatches": [],
  "Splines": [],
  "AttributeDefinitions": [],
  "NumberOfRows": 0,
  "Scale": 0.25
}